image_name,image_size,embedded_bits,capacity_bpp,extraction_success,psnr,correlation_h_enc,correlation_v_enc,entropy_enc,chi2_enc,npcr,uaci
1.pgm,512x512,35381,4.8544,True,inf,0.0017063973291034705,0.0019051792885879286,7.999217966443414,285.1171875,87.84599304199219,1.8253476011986827
10.pgm,512x512,12524,3.5667,True,inf,0.0008898246915680279,0.0017508871559511682,7.999344411418771,237.837890625,94.56977844238281,3.988303390203738
100.pgm,512x512,44203,4.1156,True,inf,0.0014606076111283572,0.0006646649397454008,7.999281626594134,260.16796875,88.97552490234375,3.5085969812729783
1000.pgm,512x512,49150,4.2723,True,inf,-2.3429616579973204e-05,-0.00018743112928703307,7.999230143520755,280.603515625,88.06533813476562,3.432388305664062
10000.pgm,512x512,48164,4.218,True,inf,0.0018297306485601688,4.356897209205227e-05,7.999293626427172,256.64453125,88.31863403320312,3.450078029258578
1001.pgm,512x512,8377,5.295,True,inf,0.0008422876669287791,0.0004496538644834948,7.999331150792855,243.0234375,86.27357482910156,1.0023274141199447
1002.pgm,512x512,43344,4.2574,True,inf,0.0018499327406094497,0.0006184675691436219,7.999274415783161,263.9296875,89.13650512695312,3.5147827746821383
1003.pgm,512x512,32845,3.9028,True,inf,-0.00017371925371644157,-0.001425451782488297,7.999252407155715,271.583984375,91.08848571777344,3.6801626168045347
1004.pgm,512x512,63913,5.1981,True,inf,0.00024181834013630113,0.00020872959368970935,7.999247053340905,272.623046875,83.04214477539062,1.623373592601103
1005.pgm,512x512,7930,3.5378,True,inf,0.004232968622313946,0.00064754935710944,7.9993611584771624,231.96875,95.47157287597656,4.064772362802542
1006.pgm,512x512,1568,0.9969,True,inf,0.00016352944291755304,-0.0032552107994504894,7.999288525964468,258.044921875,99.31411743164062,33.273330389284624
1007.pgm,512x512,34420,2.57,True,inf,0.003046551590536371,-0.0026763172333183847,7.999274658522223,263.701171875,92.74406433105469,14.568381216011794
1008.pgm,512x512,35730,4.7926,True,inf,0.002455287481741001,0.001424183295858056,7.999267165615368,266.080078125,87.86125183105469,1.8288960176355697
1009.pgm,512x512,40862,4.0929,True,inf,-0.00017830591742872066,0.001450333386232146,7.999290379164342,257.9609375,89.58206176757812,3.549495023839614
101.pgm,512x512,29769,2.3945,True,inf,0.0007603244033073469,-0.000863377349669476,7.999340232419236,240.44921875,93.58329772949219,14.845823400160846
1010.pgm,512x512,63103,5.1646,True,inf,0.0012969614067800065,0.0017700118626155618,7.999385330640429,223.74609375,83.14056396484375,1.6272526161343444
1011.pgm,512x512,39333,4.1318,True,inf,0.00145683512045004,0.0009842787945863961,7.999326580865365,244.6171875,89.82696533203125,3.583149629480699
1012.pgm,512x512,20924,3.7987,True,inf,0.004989127385947323,0.0021383162845275577,7.999323424845678,245.39453125,93.16673278808594,3.869002099130668
1013.pgm,512x512,25100,4.657,True,inf,0.0015876422326404549,0.0003812483695642565,7.999282486298102,260.84765625,89.48097229003906,1.9001007080078125
1014.pgm,512x512,5030,5.3076,True,inf,0.0020750776463461067,-0.00014733443436259317,7.999190825719325,294.275390625,86.72866821289062,1.014555388805913
1015.pgm,512x512,7571,4.3768,True,inf,0.0014282543241211452,0.001543341357327898,7.9992819173597915,261.427734375,92.49076843261719,2.0290479473039214
1016.pgm,512x512,64316,5.1693,True,inf,0.0026937594576600097,0.002207685786995717,7.999337231549651,240.302734375,83.04710388183594,1.6196202296836704
1017.pgm,512x512,40984,5.6635,True,inf,-0.0007120131921693835,0.0022858547596553255,7.999357780518035,232.87109375,81.67572021484375,0.8985496969784007
1018.pgm,512x512,20089,5.427,True,inf,4.0222204014744804e-05,0.0018886088358186998,7.999193593850999,292.482421875,84.55924987792969,0.9629687140969669
1019.pgm,512x512,38181,4.0541,True,inf,0.0024257472393284275,-9.830074641275405e-05,7.9993359127889505,240.724609375,89.98641967773438,3.6051641726026347
102.pgm,512x512,34552,3.146,True,inf,0.001946568742077126,0.002202604795697738,7.999302603924534,253.169921875,92.0440673828125,7.3058124617034315
1020.pgm,512x512,21035,3.8379,True,inf,0.0003538117919387566,-0.0025447133849437233,7.999362280275951,231.6328125,93.13774108886719,3.8576283174402572
1021.pgm,512x512,6757,2.6549,True,inf,0.0014163559794196994,0.00046845724791873207,7.999277252923731,262.208984375,97.235107421875,8.167093314376531
1022.pgm,512x512,3830,3.3441,True,inf,0.0024156669109876273,0.0020845408424088043,7.9992804937031945,261.552734375,96.18110656738281,4.118203555836397
1023.pgm,512x512,7211,4.3474,True,inf,0.0024057820374741813,0.00013045019737785782,7.999273470432927,263.337890625,92.43659973144531,2.033487955729167
1024.pgm,512x512,22895,5.4625,True,inf,0.0016123636491748596,0.0009501523361858965,7.999321657905694,246.380859375,84.3292236328125,0.9582938399969363
1025.pgm,512x512,48640,4.9401,True,inf,0.0008535141537601859,0.001919939275530288,7.999272654574021,263.283203125,85.58349609375,1.7314701454312194
1026.pgm,512x512,22915,3.8276,True,inf,0.0008312752034351722,0.0018800662647076053,7.9993325358930605,242.134765625,92.7642822265625,3.831558227539063
1027.pgm,512x512,32515,4.7476,True,inf,0.0010762134351348998,0.005949691977489504,7.999316800437611,248.556640625,88.35830688476562,1.8436805874693627
1028.pgm,512x512,26749,4.671,True,inf,-0.0002835897451926546,0.0016042319759840865,7.999284311300183,260.78515625,89.30778503417969,1.8877395929074756
1029.pgm,512x512,27865,4.6895,True,inf,0.0020286673143915545,0.0024457739684430385,7.99927295298437,264.4921875,89.13345336914062,1.8883245131548714
103.pgm,512x512,52911,5.0604,True,inf,0.004854971087164765,0.0015873106112539994,7.999267857151423,265.630859375,84.78012084960938,1.700147740981158
1030.pgm,512x512,41707,4.8974,True,inf,0.003256543871624426,0.0021109050369996947,7.999310506546247,250.390625,86.92779541015625,1.7894251206341911
1031.pgm,512x512,81781,6.1416,True,inf,-0.0008639068297218896,0.0018013068390366448,7.999414840376113,212.5859375,75.80490112304688,0.7685148949716605
1032.pgm,512x512,8170,2.793,True,inf,0.0009595058615182812,0.0020593381933206706,7.999328430489212,243.775390625,96.893310546875,8.105497173234529
1033.pgm,512x512,13547,3.609,True,inf,-0.0005520494759873642,0.0032309777372950435,7.999253313172945,271.638671875,94.41261291503906,3.9728007597081803
1034.pgm,512x512,45136,4.968,True,inf,0.001945828471103921,0.00042668315922315183,7.99929556387194,256.240234375,86.26632690429688,1.754451078527114
1035.pgm,512x512,39201,4.8143,True,inf,0.002562859257554336,-0.001079872167874703,7.999280437499927,262.408203125,87.11013793945312,1.7990261900658702
1036.pgm,512x512,18284,3.621,True,inf,0.0046146485130025335,0.0005757246838063131,7.999338511033329,239.857421875,93.57261657714844,3.8949674718520217
1037.pgm,512x512,14092,6.3035,True,inf,0.0021078849812677792,-0.0011958080550298765,7.999239092359935,276.419921875,73.67210388183594,0.4742745792164522
1038.pgm,512x512,58175,5.8568,True,inf,-0.00048143607056062653,0.0023133764753294505,7.99928529955693,259.994140625,79.16259765625,0.8432545381433824
1039.pgm,512x512,4120,3.4082,True,inf,0.0018181912225836573,0.0013028524736387146,7.999368922366337,229.328125,96.09794616699219,4.124863568474265
104.pgm,512x512,11457,4.4813,True,inf,0.0011120173533806876,0.0028298992925369693,7.999326226427063,245.046875,91.80870056152344,1.9980621337890625
1040.pgm,512x512,8809,3.5841,True,inf,0.00019626372396761572,0.0003988452803057356,7.999260943722311,267.56640625,95.32432556152344,4.041653801413143
1041.pgm,512x512,29146,1.6727,True,inf,-0.0016927458700040322,0.0010651171158880465,7.999197318535176,292.16015625,94.10362243652344,29.814296049230236
1042.pgm,512x512,73414,6.038,True,inf,0.0008202357971279581,-0.0011545814580396427,7.999369538083579,228.7734375,77.04582214355469,0.7978716083601409
1043.pgm,512x512,4695,4.3823,True,inf,0.0013807852993764358,-0.0022285189558034933,7.99928160029988,261.134765625,92.98515319824219,2.0484415690104165
1044.pgm,512x512,77037,6.0916,True,inf,0.0005144325615931306,0.0008097230785207788,7.999248827394217,273.146484375,76.40953063964844,0.784771489162071
1045.pgm,512x512,23274,5.4744,True,inf,0.0013712264986283662,-8.396595685296425e-05,7.999231864916077,279.017578125,84.04998779296875,0.9534095315372243
1046.pgm,512x512,52855,5.0084,True,inf,0.001594308715370652,0.0006630075643823607,7.999342143221959,238.951171875,84.88044738769531,1.7007895076976105
1047.pgm,512x512,26900,4.6671,True,inf,-0.0004301023172517486,-0.00032585804344574434,7.999353063149918,235.236328125,89.22042846679688,1.890092737534467
1048.pgm,512x512,6237,4.3376,True,inf,0.003533445307942118,0.0015708468960215728,7.999209622335651,286.61328125,92.72842407226562,2.042661180683211
1049.pgm,512x512,74968,6.0696,True,inf,0.002945396073549486,3.040026818120546e-05,7.9993311772617375,242.884765625,76.72233581542969,0.7915960573682598
105.pgm,512x512,23855,4.6088,True,inf,0.0011268494779410787,0.0026934684072295115,7.999311711665409,250.21875,89.75448608398438,1.9098977481617647
1050.pgm,512x512,22000,2.2431,True,inf,0.001217916290427028,0.002177376492967665,7.999246192668358,274.12890625,95.08285522460938,15.343689264035692
1051.pgm,512x512,48583,4.9553,True,inf,0.0005785626370102081,0.0015358236519907365,7.99924596828582,274.23828125,85.75592041015625,1.7335959041819855
1052.pgm,512x512,43438,4.1719,True,inf,0.003358140429766247,0.0010190842990628584,7.999338958083451,240.298828125,89.07432556152344,3.5161216586243875
1053.pgm,512x512,62306,5.1556,True,inf,0.0019134986833135358,0.0010316156727272919,7.999382506238032,224.173828125,83.36448669433594,1.6340726964613972
1054.pgm,512x512,60171,5.1622,True,inf,0.00395860344204185,0.0010355629686668018,7.999248865063002,272.474609375,83.6334228515625,1.6484802844477633
1055.pgm,512x512,19760,2.8378,True,inf,0.002015441294284737,0.001588412776595576,7.999247982186938,273.330078125,94.76318359375,7.731936585669424
1056.pgm,512x512,35927,4.7631,True,inf,0.00114985108991365,0.0012914849916572128,7.999266596197515,266.421875,87.78190612792969,1.823431276807598
1057.pgm,512x512,19551,4.5237,True,inf,0.0013701553082265574,0.002872606354681754,7.999279691715813,261.4609375,90.51399230957031,1.9405499626608456
1058.pgm,512x512,39695,5.6531,True,inf,0.00033937038209638933,-0.0010601602065658485,7.9994092723387755,214.693359375,81.78863525390625,0.9037631165747548
1059.pgm,512x512,61838,5.1677,True,inf,0.0004716686021265672,-0.0006452291374071834,7.999349279789245,237.02734375,83.55445861816406,1.638798433191636
106.pgm,512x512,44736,4.1802,True,inf,0.0017345233733716272,-0.0014704199896540845,7.999292169463978,257.533203125,88.81378173828125,3.492341883042279
1060.pgm,512x512,27094,3.8455,True,inf,0.0026785919094181104,0.0010088946121345973,7.999368823166464,229.302734375,91.98036193847656,3.7605659634459254
1061.pgm,512x512,26120,2.9567,True,inf,0.0011444086349754294,0.00041053163871166483,7.999334723650908,241.779296875,93.61305236816406,7.550789328182445
1062.pgm,512x512,53661,5.816,True,inf,0.0034887121171365745,0.0019449858608126082,7.999301529931646,254.2421875,79.83283996582031,0.8573404947916666
1063.pgm,512x512,47413,5.7316,True,inf,0.0027418827444640917,0.0033616673792698404,7.999366104650029,230.478515625,80.67893981933594,0.8786549287683824
1064.pgm,512x512,22738,3.8241,True,inf,0.002087675804781067,0.003386778059503049,7.9992716044006436,263.865234375,92.78182983398438,3.8278602151309746
1065.pgm,512x512,37322,5.651,True,inf,0.0022259834057429544,0.0028386259403811367,7.99938434127676,223.693359375,82.14035034179688,0.9108315262140012
1066.pgm,512x512,12517,5.3564,True,inf,0.0016149594246643662,0.0024412853918517733,7.99935582016467,234.416015625,85.63766479492188,0.987862979664522
1067.pgm,512x512,54438,5.1216,True,inf,0.0014733932980403107,0.000624354687489672,7.999082643977918,333.330078125,84.63249206542969,1.6897194058287375
1068.pgm,512x512,40683,4.9155,True,inf,0.0008513801161678058,-0.00015672249349221222,7.999285380119739,259.232421875,87.04872131347656,1.7934716916551776
1069.pgm,512x512,27476,2.39,True,inf,0.0005563841072542995,0.002517156637051831,7.999194158786795,291.751953125,94.0277099609375,14.990412394205729
107.pgm,512x512,25093,2.9641,True,inf,2.3851330961746357e-05,-0.0004311356262442912,7.999414442968208,212.69140625,93.768310546875,7.5909678141276045
1070.pgm,512x512,41989,3.3444,True,inf,0.00034210423963914547,-0.0009543817805447785,7.999266431629168,267.115234375,90.62576293945312,7.063305424708946
1071.pgm,512x512,53631,5.8169,True,inf,0.002203633362518908,0.0016534460469087883,7.999270138551623,265.560546875,79.85763549804688,0.8592538272633272
1072.pgm,512x512,8585,5.2935,True,inf,0.00021625134123595053,4.7975397352589404e-05,7.999356645738977,233.111328125,86.36245727539062,1.0034897748161764
1073.pgm,512x512,4392,5.2859,True,inf,0.002973042550849933,0.003544490953354075,7.999301857042088,253.654296875,86.88735961914062,1.0162174000459558
1074.pgm,512x512,20662,3.7696,True,inf,0.0020214480807274416,-0.0009051691111706747,7.999261064520087,267.8203125,93.22776794433594,3.863413193646599
1075.pgm,512x512,23739,2.9496,True,inf,0.0002352439141513665,0.0021553706182317863,7.999308442708295,251.66015625,94.04869079589844,7.622517604453891
1076.pgm,512x512,54036,5.0322,True,inf,0.0019184050324559062,0.0022638435727191843,7.999324755635336,245.005859375,84.70077514648438,1.6909146776386337
1077.pgm,512x512,7266,3.5457,True,inf,0.00019370159231898366,0.00011190001328272809,7.999335279457755,241.533203125,95.53871154785156,4.073290357402726
1078.pgm,512x512,13414,4.4128,True,inf,-0.0006402458773059478,0.0026417164579446003,7.999321715221592,246.853515625,91.47491455078125,1.988492479511336
1079.pgm,512x512,35823,4.7878,True,inf,0.0015109012437860678,-0.0009732398447931838,7.999349158435128,236.71484375,87.80250549316406,1.8244560092103248
108.pgm,512x512,21064,2.1783,True,inf,-0.001316013363328819,0.006182241185777774,7.999347981432281,236.640625,95.29190063476562,15.389085657456341
1080.pgm,512x512,50179,4.2079,True,inf,0.004397029181868373,0.0013688665555341118,7.999412126949342,213.87109375,87.92686462402344,3.41098710602405
1081.pgm,512x512,29715,3.9256,True,inf,0.0005577551514329189,-0.0006685296549775963,7.999276858893735,262.615234375,91.50772094726562,3.7234108120787375
1082.pgm,512x512,35327,5.6234,True,inf,0.0009981795816883987,0.0016786297261241916,7.999262533816893,267.90234375,82.54241943359375,0.9189246682559743
1083.pgm,512x512,36789,3.2743,True,inf,-0.000565067956544548,0.0017225871812874317,7.999313466521222,249.0234375,91.58210754394531,7.2129058837890625
1084.pgm,512x512,40092,4.8311,True,inf,0.004344545282608739,0.002424374773003692,7.999299754133587,254.2734375,87.11814880371094,1.8020270852481617
1085.pgm,512x512,15589,2.8876,True,inf,0.004557725181357376,-0.0005297129332413695,7.999313684223645,248.77734375,95.54367065429688,7.865394143497243
1086.pgm,512x512,62731,5.9422,True,inf,0.0017729017377389094,0.0009296447331337714,7.999253294415104,270.771484375,78.546142578125,0.8307139078776041
1087.pgm,512x512,37279,3.993,True,inf,0.0031589606375134766,-0.0016662171912068158,7.999325617259332,245.1171875,90.2008056640625,3.614186305625766
1088.pgm,512x512,1358,5.2427,True,inf,0.0019747187295941306,0.001810490845533834,7.999180276723568,297.505859375,87.25013732910156,1.0244137633080577
1089.pgm,512x512,16996,4.481,True,inf,0.00037928558867506305,-0.001504931012309205,7.999273639254698,263.623046875,90.89393615722656,1.961523317823223
109.pgm,512x512,50139,4.9982,True,inf,-0.0001952057331577616,0.0005462331986216127,7.99933898445979,240.15234375,85.3973388671875,1.721005907245711
1090.pgm,512x512,57434,5.8506,True,inf,0.0006693757290417579,0.0009699349384685879,7.999275868665683,262.80078125,79.40254211425781,0.8470931707643995
1091.pgm,512x512,4172,6.2206,True,inf,0.003925180315087311,0.00019013224183745864,7.999275266985689,262.83984375,74.60517883300781,0.48538208007812506
1092.pgm,512x512,28684,4.6604,True,inf,0.0009852059942874823,-0.0019739898150217946,7.999347884512474,237.052734375,88.96903991699219,1.8713408825444242
1093.pgm,512x512,82611,6.1699,True,inf,0.00014730118092608644,0.00046692743950492297,7.999355520260378,234.45703125,75.75340270996094,0.7660600250842525
1094.pgm,512x512,50387,4.983,True,inf,0.002335501520979056,-0.0005422447680879283,7.999186182469371,295.32421875,85.43281555175781,1.7223762063419117
1095.pgm,512x512,1332,4.2313,True,inf,0.0031845010497594246,0.0013391343716319364,7.999348153638936,237.298828125,93.62335205078125,2.073543772977941
1096.pgm,512x512,9659,4.4413,True,inf,0.001475124707788228,0.002090536558287827,7.999333071743472,242.458984375,92.18368530273438,2.016713759478401
1097.pgm,512x512,33302,4.7552,True,inf,0.0036035390175074536,0.0021329819478074193,7.9993368156301194,240.55078125,88.21067810058594,1.8395203235102635
1098.pgm,512x512,38822,4.1196,True,inf,0.0022155308620871125,0.0009142531294690443,7.999307349074765,251.7265625,89.98298645019531,3.592533784754136
1099.pgm,512x512,24678,3.8618,True,inf,0.00187623200076743,0.00048587961836539495,7.999297089970175,255.015625,92.43927001953125,3.803395290000766
11.pgm,512x512,41002,4.0689,True,inf,0.002304437347896979,0.0028308699934323205,7.999333742268271,242.45703125,89.43557739257812,3.5586428174785536
110.pgm,512x512,18453,3.0192,True,inf,0.001447733309390185,-0.00026984964201478455,7.999288812839847,258.65625,94.9615478515625,7.783493341184129
1100.pgm,512x512,47542,4.2037,True,inf,0.002209319120126736,0.0019439241614281652,7.9993389089030895,241.158203125,88.35601806640625,3.455246570063572
1101.pgm,512x512,67276,5.9622,True,inf,0.0024739129502583087,-0.0004463869366823956,7.999380886149687,224.482421875,77.92701721191406,0.8145380955116422
1102.pgm,512x512,53829,5.0657,True,inf,0.0004128893778999494,0.0004184777053024704,7.999326988928139,244.376953125,84.7503662109375,1.6938542384727326
1103.pgm,512x512,27254,3.8851,True,inf,7.67931638433463e-05,0.0012841083860196387,7.999290733777771,258.45703125,91.97998046875,3.760203941195619
1104.pgm,512x512,3721,3.3529,True,inf,0.0027811985076275775,0.0012359092019394115,7.999311336568405,250.001953125,96.21353149414062,4.125885308957567
1105.pgm,512x512,10265,5.3386,True,inf,0.003280594580780515,0.0036008006418849314,7.999284554986389,259.638671875,86.11564636230469,0.999453675513174
1106.pgm,512x512,50337,4.2295,True,inf,0.0023063712371152556,-0.0013608042321912033,7.9992797754639335,261.111328125,87.88795471191406,3.4129363415287988
1107.pgm,512x512,3892,4.3226,True,inf,0.0018967588678330844,0.0016836247539035447,7.999265598710763,266.060546875,93.14613342285156,2.0572991464652266
1108.pgm,512x512,37788,4.816,True,inf,0.0013907691586101919,-0.00042674363816774574,7.999326612552582,244.408203125,87.44010925292969,1.8111374798943016
1109.pgm,512x512,41699,4.9916,True,inf,0.0026524483461763657,0.0011687632125691953,7.999214556464424,285.3359375,86.77635192871094,1.7829446231617647
111.pgm,512x512,12500,3.7171,True,inf,0.0010315300251809829,0.0003284034199779632,7.999306086525434,252.3515625,94.67658996582031,3.9947988472732843
1110.pgm,512x512,44860,4.9229,True,inf,0.0028228017289867982,0.0027685828949943285,7.999292505186389,257.462890625,86.21406555175781,1.7621792063993564
1111.pgm,512x512,33556,4.7087,True,inf,0.0027814476470533088,-0.00045888078052675347,7.999261666197648,268.16015625,88.18397521972656,1.840393963982077
1112.pgm,512x512,70368,6.0073,True,inf,6.024786485311063e-05,0.00014166762584070096,7.999154910200339,306.607421875,77.34375,0.804613898782169
1113.pgm,512x512,40492,4.9094,True,inf,-0.00024795396987810803,0.0006655472616302928,7.9993371288768165,240.861328125,86.84883117675781,1.792318306717218
1114.pgm,512x512,49238,4.9672,True,inf,0.0037321995536240154,0.00027284180264578194,7.99939449988675,219.78125,85.4522705078125,1.7252080580767464
1115.pgm,512x512,11176,2.6966,True,inf,0.0025165059326540578,-0.0009456239872490945,7.99928860156381,258.306640625,96.37947082519531,8.014972163181678
1116.pgm,512x512,26438,3.8109,True,inf,0.0033429039832378288,0.0009836313544902984,7.9993738742139575,228.408203125,92.13371276855469,3.770593381395527
1117.pgm,512x512,31478,3.9854,True,inf,0.002137861436230065,0.0005506981980189945,7.99934839165622,235.89453125,91.15524291992188,3.698362462660846
1118.pgm,512x512,26011,4.6603,True,inf,0.0016002233587297894,0.0003327030646514423,7.999295719845983,256.736328125,89.36805725097656,1.8972150017233453
1119.pgm,512x512,16911,2.1254,True,inf,0.0020909551108214512,-0.00025896820736266,7.999299376564652,254.69921875,96.03042602539062,15.694648892271754
112.pgm,512x512,17431,4.5438,True,inf,0.0009858669427957655,0.0009858521062753962,7.999318692752737,247.5625,90.87333679199219,1.9556307325176165
1120.pgm,512x512,22385,5.4719,True,inf,0.0001118991880489486,0.0012574303894127622,7.999168111585854,302.970703125,84.31396484375,0.962201286764706
1121.pgm,512x512,8437,2.7372,True,inf,0.0023847694737285014,0.00037993852524746224,7.999408297778427,214.494140625,96.88758850097656,8.092147228764553
1122.pgm,512x512,37347,4.7843,True,inf,0.0005106378642685767,0.0015435968325804353,7.9992255851266405,281.24609375,87.5762939453125,1.8150045357498468
1123.pgm,512x512,18733,2.9255,True,inf,-0.0009452526783829222,0.00010037189504406224,7.999205366851703,289.08984375,94.95506286621094,7.78054630055147
1124.pgm,512x512,54136,5.052,True,inf,-0.00022634014528834082,0.000590925426759459,7.999182971088201,296.4609375,84.67063903808594,1.692364262599571
1125.pgm,512x512,53933,5.0364,True,inf,0.0034552595092648226,-0.0003332509807018062,7.999252618103388,272.111328125,84.765625,1.6918496524586397
1126.pgm,512x512,45215,4.1771,True,inf,-0.00011539688664206287,0.0013199390431142377,7.999252194324938,271.3984375,88.75083923339844,3.496946447035846
1127.pgm,512x512,21999,4.6459,True,inf,0.0005092192758480176,0.001854331259842219,7.9992786932191375,262.2265625,90.00511169433594,1.9268544514973958
1128.pgm,512x512,43096,4.1217,True,inf,0.002583756711877793,0.002046086187269741,7.99932473211838,245.75,89.2364501953125,3.522129432827819
1129.pgm,512x512,74528,6.0534,True,inf,0.0008475519278737658,-0.0006676482107047271,7.999277460220446,262.255859375,76.84593200683594,0.7927464503867953
113.pgm,512x512,59579,5.1111,True,inf,0.005030148708232229,7.279898984013614e-05,7.9992443495336545,274.23828125,83.76388549804688,1.6574306114047181
1130.pgm,512x512,24531,3.8566,True,inf,-0.00012296734623535202,-0.0005114569638163008,7.999208331613378,288.345703125,92.52204895019531,3.8002238554113053
1131.pgm,512x512,44649,4.1218,True,inf,0.002288303653900684,0.0012910463944157736,7.999318829520098,248.0546875,88.95072937011719,3.5013550403071387
1132.pgm,512x512,12034,2.8,True,inf,0.0007982161883704429,0.001303380050795473,7.999382262981149,225.03515625,96.2005615234375,7.981739418179382
1133.pgm,512x512,22066,3.7646,True,inf,0.0019943487812472223,0.0024652723303739497,7.9993858575428485,223.310546875,92.8680419921875,3.8370992623123468
1134.pgm,512x512,20938,3.7664,True,inf,0.0009495728052218404,0.00012339159593168983,7.999281553761367,260.6171875,93.14460754394531,3.860315061083027
1135.pgm,512x512,50454,4.2525,True,inf,0.001856731916859141,0.0005666158317789217,7.999381736325919,224.701171875,87.890625,3.411326688878676
1136.pgm,512x512,49974,4.205,True,inf,0.0021291332050020428,-0.0015585588833534746,7.999339276449921,240.16796875,87.90092468261719,3.4085905785654105
1137.pgm,512x512,61428,5.1686,True,inf,0.0011544197229471716,0.0007495451134928763,7.999290860765884,257.12890625,83.46595764160156,1.6474091772939645
1138.pgm,512x512,54975,5.0685,True,inf,0.0018073898004964536,-0.0005315640864082805,7.999228544555607,280.306640625,84.66300964355469,1.692370246438419
1139.pgm,512x512,44846,4.9397,True,inf,0.003453742707561772,-0.0015901883675387275,7.999434564918767,205.650390625,86.25373840332031,1.7632667691099877
114.pgm,512x512,35414,4.7881,True,inf,0.0014507392017302741,-8.713798604470902e-05,7.999299885186645,254.6015625,87.82424926757812,1.8275631175321692
1140.pgm,512x512,18478,3.7823,True,inf,0.0024799714575544636,0.002715405664444282,7.999295692994684,256.28515625,93.61457824707031,3.8985188802083335
1141.pgm,512x512,53980,5.0381,True,inf,0.001973923525494866,0.0008918119824661296,7.999299871904373,254.880859375,84.81712341308594,1.6931810566023286
1142.pgm,512x512,33112,4.7202,True,inf,-0.0005783108836542499,0.0005248018246978485,7.999297713610117,255.22265625,88.25225830078125,1.8454817229626226
1143.pgm,512x512,33042,3.1591,True,inf,0.0027451498121329214,0.0017770780206261662,7.999259371822564,268.689453125,92.24624633789062,7.326130586511949
1144.pgm,512x512,12949,4.5017,True,inf,0.0014136043738253931,0.0004018013655991182,7.999255481924555,270.55859375,91.534423828125,1.9880915623085174
1145.pgm,512x512,7103,5.2865,True,inf,-1.939681983764354e-05,-0.0016318177238979982,7.999263871253682,268.029296875,86.52572631835938,1.0079148236443014
1146.pgm,512x512,65403,5.189,True,inf,0.0007286983636719783,-0.0007772132917974955,7.999354673996722,234.29296875,82.84492492675781,1.6094103046492034
1147.pgm,512x512,37694,4.8603,True,inf,0.0016872124072094727,0.0007934141637123481,7.999394259046702,220.173828125,87.39776611328125,1.8094575171377143
1148.pgm,512x512,21939,4.5682,True,inf,0.00026383796709673706,-0.0007733900590027802,7.999377896599229,225.57421875,90.02571105957031,1.9209932813457415
1149.pgm,512x512,48692,4.2572,True,inf,0.0015116884020499306,0.0018289539209719195,7.999272498897856,264.994140625,88.23966979980469,3.4392936556946996
115.pgm,512x512,19398,3.7613,True,inf,0.0007658616202166141,0.0019338030088133723,7.999133670364833,314.15625,93.39714050292969,3.8778192856732536
1150.pgm,512x512,25958,4.655,True,inf,0.00020145052305967691,0.00037044467209391063,7.999288071589479,259.40234375,89.410400390625,1.8938475964116117
1151.pgm,512x512,44080,5.6977,True,inf,-0.00021855790231007396,0.002211989896442771,7.999307423646097,252.671875,81.14166259765625,0.887774299172794
1152.pgm,512x512,34583,3.1288,True,inf,-9.895330238628138e-05,0.0009909083876926594,7.999301150733241,254.7421875,92.01278686523438,7.274733898686428
1153.pgm,512x512,28712,4.7017,True,inf,0.0007486903199999798,9.960392442322593e-05,7.999254190230294,271.169921875,89.06669616699219,1.8800458721086089
1154.pgm,512x512,45521,4.9224,True,inf,-0.0001593991523984208,0.001313808333636659,7.99920914643924,288.03125,86.19575500488281,1.7539020613128065
1155.pgm,512x512,44386,4.9986,True,inf,3.684787032613816e-05,3.015943242185746e-08,7.999345774396919,237.529296875,86.40708923339844,1.7664322198606006
1156.pgm,512x512,445,2.4698,True,inf,0.0013856282815915483,0.0026998968565169236,7.999253979313399,270.591796875,98.36654663085938,8.331319771560969
1157.pgm,512x512,3855,4.3401,True,inf,0.0028722520915883784,0.0017446636985490138,7.999331763047156,242.80859375,93.06221008300781,2.0545031977634807
1158.pgm,512x512,93275,6.9076,True,inf,0.0016546655175189997,0.0012259265957227103,7.9993873876291826,222.5078125,66.02287292480469,0.38493885713465076
1159.pgm,512x512,38297,4.0753,True,inf,-0.000390862459564241,0.0005191781166976631,7.999385607578778,223.15625,90.02494812011719,3.592143339269301
116.pgm,512x512,61678,5.1369,True,inf,0.0006264788164370519,0.002099495214296389,7.999308452877964,251.533203125,83.37135314941406,1.6381222594018074
1160.pgm,512x512,33472,3.3286,True,inf,0.003652545316021603,0.0007663358505963703,7.999300164808439,254.6640625,92.25044250488281,7.316373937270221
1161.pgm,512x512,24543,4.5829,True,inf,0.0004937458261967771,0.0018270344637233826,7.999239170447745,276.65625,89.6270751953125,1.9014784869025736
1162.pgm,512x512,64139,5.9341,True,inf,-0.001098431205544894,-0.002234273630195424,7.999421179667786,210.5546875,78.34243774414062,0.8258684943704044
1163.pgm,512x512,25182,3.9023,True,inf,0.0010431324786827937,0.004235145980373197,7.999287317641986,259.041015625,92.34580993652344,3.790147070791207
1164.pgm,512x512,30668,3.9092,True,inf,0.002379008010910059,-0.0002640573197065273,7.999284919455283,260.0703125,91.47300720214844,3.716098561006434
1165.pgm,512x512,36924,3.9803,True,inf,0.0008711865193373963,0.0009034497218458015,7.999302391197041,253.359375,90.20881652832031,3.623010971966912
1166.pgm,512x512,19165,4.5497,True,inf,0.004351420680074814,0.00037400074589138174,7.9993201606988125,247.2734375,90.60211181640625,1.950218350279565
1167.pgm,512x512,160,4.3614,True,inf,0.00434301551539046,-0.00016862567420423058,7.999306545663501,252.08984375,93.72673034667969,2.085851033528646
1168.pgm,512x512,61538,5.9284,True,inf,0.0021528412097392095,0.0017137826969342018,7.999175404995703,300.03125,78.66363525390625,0.833593630323223
1169.pgm,512x512,23288,2.8856,True,inf,0.005548014260609609,0.0014092873842498671,7.999240213650169,276.20703125,94.07272338867188,7.644918105181525
117.pgm,512x512,20995,3.7535,True,inf,0.0018802081665118032,0.00010687059917807975,7.999364026433956,230.76171875,93.16520690917969,3.857254327512255
1170.pgm,512x512,11480,4.3986,True,inf,-0.0011867617130462789,0.0017133275381030948,7.999174070319283,300.486328125,91.82510375976562,2.0011482986749387
1171.pgm,512x512,50172,5.0068,True,inf,0.002586959529621556,0.002530526262769551,7.999344621896386,238.033203125,85.36453247070312,1.7208503274356617
1172.pgm,512x512,17131,4.5609,True,inf,0.0018327265400074992,0.0008460902767634804,7.999123898891032,318.220703125,90.80657958984375,1.9566165699678308
1173.pgm,512x512,24530,4.6155,True,inf,0.0037789633999948604,9.897602717194205e-05,7.9993715065790685,229.23828125,89.69573974609375,1.9088281369676778
1174.pgm,512x512,36096,4.7999,True,inf,0.0007364040050723733,0.0009511923858337205,7.999371218142288,227.59765625,87.79754638671875,1.8286402085248163
1175.pgm,512x512,27857,3.0683,True,inf,0.0033902823030962453,0.0006410598163754191,7.999360672997756,232.61328125,93.28804016113281,7.495435826918658
1176.pgm,512x512,21913,3.7984,True,inf,0.002798448154499057,0.00019468139015021516,7.999224410131177,281.9296875,92.9656982421875,3.8415138394224875
1177.pgm,512x512,42193,4.0322,True,inf,0.001045527219032248,0.001018001546373928,7.999239274182415,276.072265625,89.28871154785156,3.531790340647978
1178.pgm,512x512,4965,5.2714,True,inf,0.0009623294075528517,0.0006498112690162642,7.999333599262781,241.67578125,86.78932189941406,1.014253204944087
1179.pgm,512x512,12471,4.5135,True,inf,-0.0015290982141558398,0.0013954331609965704,7.999321718487932,246.1796875,91.72019958496094,1.9978033327588847
118.pgm,512x512,49867,4.9916,True,inf,0.0007837768915152076,0.0007307202891025218,7.9994045066583865,216.466796875,85.49232482910156,1.724234188304228
1180.pgm,512x512,37291,4.7955,True,inf,0.002525794882756621,-0.002590366356411976,7.999358768866895,233.029296875,87.5518798828125,1.8136641558478859
1181.pgm,512x512,64375,5.9369,True,inf,0.0001765123179157339,-0.0019615251214473405,7.999325174736776,245.291015625,78.23333740234375,0.8250965791590074
1182.pgm,512x512,55264,5.0678,True,inf,0.000906126929468047,-0.0010111081850831382,7.999365338119419,230.0703125,84.48410034179688,1.6832673315908395
1183.pgm,512x512,23096,4.5649,True,inf,0.0007119239601024786,0.003194926752171883,7.999455495508068,198.041015625,89.90745544433594,1.9120190190333946
1184.pgm,512x512,41652,3.3719,True,inf,-0.0003237446958678937,0.003012461637763318,7.999143806104438,310.89453125,90.71731567382812,7.06382153080959
1185.pgm,512x512,47787,4.9442,True,inf,0.001736764810983355,2.3301290287005025e-05,7.999257269619971,269.771484375,85.81352233886719,1.7375242943857232
1186.pgm,512x512,54440,5.8156,True,inf,0.002033726445507049,0.0010101497970385466,7.999386380840162,222.9296875,79.71267700195312,0.8545924168007047
1187.pgm,512x512,41308,4.8989,True,inf,0.0013765921446335567,-0.00036787696190244783,7.999331667087139,242.697265625,86.97357177734375,1.78742203057981
1188.pgm,512x512,64862,5.2018,True,inf,0.0018655351242668106,0.002405284853393444,7.999294896422374,256.572265625,82.94296264648438,1.6164248597388173
1189.pgm,512x512,57712,5.1076,True,inf,-0.000810168511783079,0.0008491068490306148,7.9993754615537505,226.615234375,84.17129516601562,1.6651512594784008
119.pgm,512x512,52839,5.8068,True,inf,0.0018325517862026227,0.001046243911464686,7.999234634131576,278.728515625,80.05714416503906,0.8638060326669731
1190.pgm,512x512,34541,4.7947,True,inf,0.003137745356844184,0.0003786259653993634,7.999305332887598,252.01171875,87.93983459472656,1.8350653554878984
1191.pgm,512x512,32392,4.72,True,inf,0.002936166321371572,0.0020833916259595697,7.999296634964078,255.224609375,88.360595703125,1.8512695910883885
1192.pgm,512x512,17546,5.4187,True,inf,0.0019251670470806764,0.0009060595198185449,7.999274106742408,262.291015625,84.98573303222656,0.9721883138020834
1193.pgm,512x512,21462,3.625,True,inf,0.001275147516758035,0.000920513143097506,7.99933219380213,243.001953125,93.0755615234375,3.8568878173828125
1194.pgm,512x512,56001,5.0472,True,inf,0.0009465704086425099,0.0008171151485233786,7.99930709500099,252.369140625,84.42955017089844,1.682432586071538
1195.pgm,512x512,34493,3.1265,True,inf,0.00251268551009696,0.001294567469029456,7.99915943109633,306.509765625,91.95022583007812,7.301276711856618
1196.pgm,512x512,19316,5.4235,True,inf,0.0006297064887917444,0.0019210790361934534,7.999287895186395,258.9453125,84.74998474121094,0.9697050206801471
1197.pgm,512x512,12508,4.4604,True,inf,0.002830572419066351,-0.0001704097490667879,7.999309383055215,250.646484375,91.69464111328125,1.998635086358762
1198.pgm,512x512,38245,5.7013,True,inf,0.0022895087416134057,0.0009129141554957883,7.999264921647824,267.125,81.92520141601562,0.903951607498468
1199.pgm,512x512,33129,5.5886,True,inf,0.001548297026255705,-0.0005610390639831869,7.999358509227002,232.958984375,82.8765869140625,0.925444060680913
12.pgm,512x512,23380,4.574,True,inf,0.001209395059655698,6.111196687074516e-05,7.999303880817606,253.080078125,89.92538452148438,1.9228662229051778
120.pgm,512x512,13682,2.0609,True,inf,0.0010189770434420344,0.0028029865626522286,7.999277590121492,262.869140625,96.66824340820312,15.889653224571079
1200.pgm,512x512,21920,4.546,True,inf,0.0009435157796694792,0.001348637571082673,7.999315394707743,248.3359375,90.02113342285156,1.9240764543121938
1201.pgm,512x512,45311,4.2516,True,inf,0.0015180429739051812,-0.000291067714741006,7.999367432797804,229.669921875,88.68064880371094,3.4885645847694544
1202.pgm,512x512,6069,3.5265,True,inf,-0.0003180267679678887,0.002022155708627306,7.999313085556356,249.98828125,95.79849243164062,4.090639002182905
1203.pgm,512x512,40393,4.0679,True,inf,0.0034718992611049385,0.0014615113704467917,7.999282258323005,260.44921875,89.59884643554688,3.5621538349226407
1204.pgm,512x512,498,5.2391,True,inf,0.001595638482436907,0.002190014421288743,7.99922805483553,280.123046875,87.37258911132812,1.0282598757276349
1205.pgm,512x512,29530,4.6749,True,inf,0.0016387501789806526,0.0017031993056276218,7.999299349263869,254.197265625,88.89350891113281,1.8677116842830883
1206.pgm,512x512,17480,2.8439,True,inf,0.0028328819655943117,0.002123602212377533,7.999280832594533,260.8984375,95.19577026367188,7.840803557751226
1207.pgm,512x512,33417,4.0442,True,inf,0.0012338396624526923,-0.0002557689446492079,7.999198407589748,291.33203125,90.81840515136719,3.668477675494026
1208.pgm,512x512,44350,4.9337,True,inf,0.0008272210603386368,0.0038636991788912846,7.9993655510441535,230.34765625,86.39793395996094,1.7628942751416972
1209.pgm,512x512,12508,4.4244,True,inf,0.0008709025058621231,0.00048346696911487423,7.999224394046843,282.0859375,91.62216186523438,1.9922608020258887
121.pgm,512x512,51083,5.0273,True,inf,0.003621532875749416,0.00040226227171364666,7.999338422509903,240.845703125,85.20164489746094,1.7148664885876224
1210.pgm,512x512,54936,5.0746,True,inf,0.0031260591871566487,-0.0003712817241507722,7.999250750545219,272.83203125,84.55390930175781,1.689616184608609
1211.pgm,512x512,31949,5.6186,True,inf,0.0014624995018550913,0.0017206228938194312,7.999308977667124,251.349609375,82.91397094726562,0.9258270263671875
1212.pgm,512x512,58743,6.6387,True,inf,0.0009486483807226601,0.001009866103989533,7.999120551432664,320.322265625,69.50111389160156,0.4250156178193934
1213.pgm,512x512,48878,5.7484,True,inf,0.00039160587264184713,7.191591914281454e-07,7.999407176619896,215.279296875,80.52291870117188,0.8736838546453738
1214.pgm,512x512,916,5.2288,True,inf,0.0019954421361412216,0.00041600211784357713,7.999294335644386,256.615234375,87.27836608886719,1.0266352634803921
1215.pgm,512x512,28944,2.3879,True,inf,0.0020381298930199883,-0.0009266429333896845,7.999349219260775,236.708984375,93.70613098144531,14.932346717984068
1216.pgm,512x512,25346,4.6597,True,inf,0.0039026661477197322,0.0012353610971587827,7.999255252765586,270.62890625,89.48745727539062,1.9000752766927083
1217.pgm,512x512,10799,4.3727,True,inf,0.002152858051274482,4.273146090095784e-05,7.999263895658105,267.50390625,91.88117980957031,2.0036151362400427
1218.pgm,512x512,50174,4.3098,True,inf,0.0016799783908935774,0.0007232700629252183,7.999291923113424,257.001953125,87.85476684570312,3.4122197768267464
1219.pgm,512x512,81125,6.8122,True,inf,0.00028023577510736896,0.0014741939854877094,7.9993185504168896,247.7109375,67.28019714355469,0.4000540340647978
122.pgm,512x512,61929,5.1541,True,inf,0.0019068543248628108,0.0014247324170599035,7.999258184817418,269.845703125,83.38890075683594,1.6345768348843444
1220.pgm,512x512,5799,6.233,True,inf,0.0021420023360080825,0.0011346504968428287,7.999383270325479,224.255859375,74.54299926757812,0.4835764567057292
1221.pgm,512x512,13474,4.4702,True,inf,0.0017135341601169564,-0.0017514194010934125,7.999212945058456,285.54296875,91.51496887207031,1.9875545127719056
1222.pgm,512x512,90,5.2043,True,inf,0.0024826734219578982,-0.002619925290671092,7.999343124857401,239.107421875,87.42485046386719,1.0272590786803002
1223.pgm,512x512,1024,4.3389,True,inf,0.0006301973929189255,0.0011892486416472021,7.99928935799006,258.916015625,93.58673095703125,2.0717231900084254
1224.pgm,512x512,15809,4.4904,True,inf,0.0002988874152467599,0.00011766720189689192,7.999360502736752,232.6640625,91.16630554199219,1.9711737539253982
1225.pgm,512x512,36189,4.7834,True,inf,0.0008770202319791112,0.00011215069460391657,7.999157188977877,306.216796875,87.76206970214844,1.8270066205193014
1226.pgm,512x512,48875,4.9609,True,inf,0.00039415676981648605,0.0013262707482734155,7.999310411338345,250.84375,85.68992614746094,1.7297797109566484
1227.pgm,512x512,10461,5.3484,True,inf,0.0009113196740375503,0.004164384074478294,7.9991778733444905,298.40234375,85.95428466796875,0.9968881046070773
1228.pgm,512x512,48020,5.7432,True,inf,0.0019555725449923586,4.3587434777747036e-05,7.999267365910248,266.630859375,80.63697814941406,0.8740608364928003
1229.pgm,512x512,22633,3.7175,True,inf,0.00018381167507118128,0.00017803748298773583,7.9992815407094255,260.76171875,92.87643432617188,3.8246468936695774
123.pgm,512x512,40138,4.8311,True,inf,0.0018032588324331344,-0.0006752442910105604,7.999232196112913,278.79296875,86.96441650390625,1.7908791934742647
1230.pgm,512x512,20096,5.4354,True,inf,0.0030463756700292626,-0.0008024878993106937,7.999333739266292,242.13671875,84.56306457519531,0.9667355406518076
1231.pgm,512x512,74874,6.0519,True,inf,0.0006858829961619642,5.788632504592198e-05,7.999196146368597,293.037109375,76.70440673828125,0.7898173612706801
1232.pgm,512x512,39311,3.3372,True,inf,0.00069262627788279,-0.00020838708049076426,7.999202311332333,290.529296875,91.16744995117188,7.146500232172947
1233.pgm,512x512,45862,6.5434,True,inf,0.002802220034982277,0.0015873831433392905,7.999404144092398,216.78515625,70.79124450683594,0.43984057856541053
1234.pgm,512x512,38114,3.4329,True,inf,0.001246367715005034,0.0016587855538535393,7.999214314870208,285.708984375,91.35246276855469,7.161078359566483
1235.pgm,512x512,34447,4.7934,True,inf,0.0010211554349108395,0.0012568885795196348,7.999313843833334,249.5234375,87.94364929199219,1.8335230210248161
1236.pgm,512x512,46901,4.9476,True,inf,0.0026312210400621532,0.001098568356779183,7.99931109204298,249.740234375,85.92338562011719,1.742698819029565
1237.pgm,512x512,13900,4.5368,True,inf,0.0008716961802236105,0.0003677359501834029,7.9992158972426255,284.953125,91.43638610839844,1.9838250852098651
1238.pgm,512x512,6806,3.6738,True,inf,0.001490052791640056,0.0015987264092555053,7.999298535211578,254.654296875,95.72029113769531,4.07411163928462
1239.pgm,512x512,61044,5.1807,True,inf,0.000348222266673307,-0.00012128952385377783,7.999188322855759,295.12109375,83.61968994140625,1.6478624530867034
124.pgm,512x512,28990,5.5635,True,inf,0.0002634921417530701,3.223984348408413e-05,7.999252050822808,271.001953125,83.3160400390625,0.9350585937499999
1240.pgm,512x512,64020,5.1857,True,inf,-0.0006574879228809072,0.000685044564957188,7.9992019060327495,289.771484375,83.12225341796875,1.6206868489583335
1241.pgm,512x512,45086,4.1905,True,inf,0.001427939223861096,0.0023102158109989924,7.9992695765423605,266.10546875,88.77487182617188,3.496213426776961
1242.pgm,512x512,2620,4.3257,True,inf,0.001411310247757643,-0.0011011551631405203,7.999260524618838,268.244140625,93.31283569335938,2.062671137791054
1243.pgm,512x512,18302,5.4302,True,inf,0.0019651510655846302,-0.0028338457822789944,7.999346773338989,237.00390625,84.79156494140625,0.971515131931679
1244.pgm,512x512,32064,3.145,True,inf,0.002040593719192956,-0.002405788904988711,7.999305563007669,252.3359375,92.51632690429688,7.348561006433823
1245.pgm,512x512,40744,4.9274,True,inf,0.002809583317092041,-0.001085700343451099,7.99924620234295,273.57421875,86.94000244140625,1.7894699994255514
1246.pgm,512x512,1604,4.3232,True,inf,0.0015876802296900174,-0.00010832334036640012,7.99926555695964,266.095703125,93.42689514160156,2.075374827665441
1247.pgm,512x512,59495,5.1608,True,inf,0.0022065813892499166,0.00027459999371605095,7.999380687373543,224.927734375,83.78639221191406,1.648698694565717
1248.pgm,512x512,64906,5.1995,True,inf,0.00100359931674447,0.0015462826235568636,7.9993368061253705,241.451171875,82.940673828125,1.6155362596698835
1249.pgm,512x512,23252,4.6049,True,inf,0.0011155683712805607,0.0018387743434539448,7.999149124139139,308.94140625,90.087890625,1.9187508377374387
125.pgm,512x512,23567,4.61,True,inf,0.0016290852433175145,0.0017190145211258543,7.999151726891391,307.8203125,89.87197875976562,1.9167686911190258
1250.pgm,512x512,26004,4.6552,True,inf,0.001521206336269069,0.002003444836257592,7.999391963622845,220.806640625,89.43061828613281,1.8979943967333026
1251.pgm,512x512,48039,4.9351,True,inf,0.00019549248605837307,0.00029503767580240877,7.999320591956424,246.494140625,85.81390380859375,1.739186305625766
1252.pgm,512x512,40362,5.6771,True,inf,0.0018003792848120227,0.0007269725629545327,7.999331131207841,243.21875,81.80694580078125,0.9018034093520221
1253.pgm,512x512,12162,5.3563,True,inf,0.001991273527839197,0.0013973071707668078,7.999368205992074,230.01953125,85.8123779296875,0.9923912497127757
1254.pgm,512x512,41175,5.6719,True,inf,0.0034012734746352523,-0.0009257784799424951,7.999201276321219,289.04296875,81.59523010253906,0.8984629313151042
1255.pgm,512x512,15092,4.493,True,inf,0.002189097790329551,-0.00048582891095684863,7.999306398138792,252.474609375,91.33033752441406,1.9752158370672488
1256.pgm,512x512,52352,4.2657,True,inf,-0.00033224218255434654,0.00045854049513983653,7.999259069513216,269.482421875,87.58010864257812,3.3889351639093137
1257.pgm,512x512,11782,3.5189,True,inf,0.0014220028486382115,-0.00041220017856259336,7.999104446017677,325.798828125,94.82040405273438,4.003915225758272
1258.pgm,512x512,30537,3.9658,True,inf,0.0020398169502002907,0.0015725144493653135,7.999381939989476,224.568359375,91.3909912109375,3.7124214920343137
1259.pgm,512x512,6672,4.4454,True,inf,0.0009942717480277998,0.0009450052750762941,7.9991990436513865,291.03125,92.60215759277344,2.037799311619179
126.pgm,512x512,16459,2.1157,True,inf,0.00046103610569818074,0.0011336577445436554,7.9992149779641615,285.125,96.12541198730469,15.670967850030637
1260.pgm,512x512,57620,5.08,True,inf,0.0018478461529174582,0.0018824195055020055,7.999158569476798,306.396484375,84.210205078125,1.6724291034773284
1261.pgm,512x512,24147,4.6289,True,inf,0.0015670451890150902,0.0008685469663461691,7.999264935215059,267.76953125,89.75906372070312,1.9057599235983456
1262.pgm,512x512,36788,5.6264,True,inf,0.0008183840800123458,0.0018379570148995945,7.999269912157581,265.58984375,82.19108581542969,0.913241517310049
1263.pgm,512x512,43826,4.0834,True,inf,-6.952037702577597e-05,0.001963611822713974,7.999259458589073,269.720703125,88.983154296875,3.5225991641773895
1264.pgm,512x512,36463,4.0603,True,inf,-0.0015918443729367093,-0.0013947267401984488,7.999264472096112,266.685546875,90.34996032714844,3.6342007506127447
1265.pgm,512x512,16714,5.4319,True,inf,0.0011665246508775616,0.003521736949967071,7.999308959413341,251.107421875,85.2325439453125,0.9782559263939952
1266.pgm,512x512,3653,5.2677,True,inf,0.00027794002848925356,-0.00045832658689248383,7.999322752512454,245.880859375,87.01171875,1.019306556851256
1267.pgm,512x512,41645,3.4091,True,inf,-0.0020247697298259124,-0.002378455222952093,7.999240712465019,275.478515625,90.7684326171875,7.0520468319163605
1268.pgm,512x512,37919,6.4774,True,inf,0.0017140632000429924,0.000941113143524721,7.999245732820521,274.28515625,71.37374877929688,0.4469045003255208
1269.pgm,512x512,27016,4.6589,True,inf,0.0028741636748194754,0.0015252806264455477,7.9992869225412,258.9296875,89.17922973632812,1.8874015060125613
127.pgm,512x512,40252,4.0887,True,inf,0.001925744874057684,0.0025531153271696255,7.999198511353583,291.5234375,89.54696655273438,3.5643932866115198
1270.pgm,512x512,32576,3.1772,True,inf,-0.0002969807858198861,0.001314990429007038,7.999348151279517,237.32421875,92.46177673339844,7.365107816808364
1271.pgm,512x512,49250,4.2731,True,inf,0.0018207630450366664,9.997710829454665e-05,7.99926904857114,265.18359375,88.043212890625,3.432680017807904
1272.pgm,512x512,3078,1.0012,True,inf,0.001570594561030182,-5.2348983149208747e-05,7.9993094014467925,250.333984375,99.02687072753906,33.07305579091989
1273.pgm,512x512,35179,5.6481,True,inf,0.0012148133538377995,0.0011205313755935677,7.9993405851594535,239.171875,82.38525390625,0.9165685317095588
1274.pgm,512x512,20453,3.7057,True,inf,0.0002831225161858062,0.0015550223939986177,7.999443395503384,202.357421875,93.20144653320312,3.871030620500153
1275.pgm,512x512,42297,4.0712,True,inf,-0.000938731968752601,0.003435085731327122,7.999348079864193,237.568359375,89.30091857910156,3.540160235236673
1276.pgm,512x512,36320,5.6243,True,inf,0.0032163734100596163,0.0007530820681236432,7.99942075558142,210.720703125,82.27462768554688,0.9136499143114276
1277.pgm,512x512,4557,4.366,True,inf,0.0006722044558027025,-0.0007379065929006709,7.999302132692565,253.587890625,93.00003051757812,2.0463322658164826
1278.pgm,512x512,18475,4.5604,True,inf,0.0006948365321828063,0.0012217149218336494,7.999278861795574,261.705078125,90.64903259277344,1.9523830039828431
1279.pgm,512x512,57872,5.0872,True,inf,0.003816285752940274,-0.0010100839714007907,7.999411474667776,213.37890625,84.16595458984375,1.6704768760531556
128.pgm,512x512,23620,5.4771,True,inf,0.00013360587523730333,-0.00042168337777118744,7.999301281032471,254.33984375,84.05075073242188,0.9534948012408088
1280.pgm,512x512,81784,6.1316,True,inf,0.001972474485061423,0.0012430216162657329,7.999201268634123,289.861328125,75.77018737792969,0.7709368537454044
1281.pgm,512x512,37420,3.9352,True,inf,0.0025668659309992276,0.0011075249058355961,7.999283331795746,260.693359375,90.17066955566406,3.613499660117953
1282.pgm,512x512,56599,5.1077,True,inf,0.0036916022618852036,0.0028120105211862536,7.999114433321736,321.443359375,84.320068359375,1.6730080398858764
1283.pgm,512x512,45449,4.2127,True,inf,0.002939450911078092,0.0030516362493798505,7.999374338647264,227.955078125,88.726806640625,3.4954295438878678
1284.pgm,512x512,4989,2.6757,True,inf,0.002107740266886367,0.0014336304987189478,7.999334980878581,241.515625,97.57957458496094,8.22462792490043
1285.pgm,512x512,20864,4.6444,True,inf,0.0017802615886344478,0.0006612684906122547,7.999189688960083,294.34765625,90.30685424804688,1.9342429965150125
1286.pgm,512x512,17632,4.5587,True,inf,0.0005048135521936041,0.0012386481936600164,7.999350074498619,235.53125,90.74516296386719,1.9535199333639706
1287.pgm,512x512,43755,5.7209,True,inf,-5.3650380926513175e-05,0.000601808228924578,7.99928515517134,259.947265625,81.2042236328125,0.8875289617800245
1288.pgm,512x512,24621,3.8212,True,inf,0.0026531351729593006,0.001832108486427357,7.999325836626508,244.650390625,92.46940612792969,3.8123246735217524
1289.pgm,512x512,14116,2.038,True,inf,0.0008334529001042777,0.0016590810301768102,7.999363924654634,230.951171875,96.56257629394531,15.825335932712928
129.pgm,512x512,48643,4.2471,True,inf,0.0016839859756422274,-0.0003384486620685757,7.999323470171209,245.435546875,88.24462890625,3.4435332055185355
1290.pgm,512x512,15429,5.3676,True,inf,0.0001338806632653863,-0.0010046171064067785,7.999276484079216,263.232421875,85.30616760253906,0.9811221852022058
1291.pgm,512x512,34484,4.0363,True,inf,0.00010325999274624833,9.176643068805357e-05,7.999309178958951,250.6796875,90.71922302246094,3.651690015605852
1292.pgm,512x512,44607,4.8865,True,inf,0.0011992309134741042,6.54603450154151e-05,7.999266838015549,265.92578125,86.26289367675781,1.766966277477788
1293.pgm,512x512,63676,5.1811,True,inf,0.0012858518416977694,0.0020233531362980673,7.9993619623857155,231.767578125,83.22334289550781,1.6244536755131738
1294.pgm,512x512,47080,4.1543,True,inf,0.002038508877877206,0.001507614749855955,7.999369382239491,229.21875,88.40675354003906,3.459562413832721
1295.pgm,512x512,14190,3.7139,True,inf,0.002084341791654795,0.0027029746682817137,7.999353808761391,235.05078125,94.34318542480469,3.9626880720549935
1296.pgm,512x512,352,3.4139,True,inf,0.002690072546084726,0.002179358437359207,7.999371211866682,228.677734375,96.81472778320312,4.174795711741728
1297.pgm,512x512,4649,3.3721,True,inf,0.0009344769986017767,0.0006421213118203757,7.999316357742254,248.767578125,96.07353210449219,4.103347179936428
1298.pgm,512x512,55139,5.0607,True,inf,0.001995872860778068,0.001008694075075956,7.999397565985282,218.810546875,84.57412719726562,1.6849263509114583
1299.pgm,512x512,26195,5.5441,True,inf,0.0003683454099825379,0.00226092124581774,7.999191959199209,293.33984375,83.73794555664062,0.9456245571959253
13.pgm,512x512,18552,4.551,True,inf,0.002372326968444461,-0.0015497312851404518,7.999311402710663,251.005859375,90.57388305664062,1.9491741704005823
130.pgm,512x512,50314,4.9752,True,inf,0.0026384067577833186,-0.0005821718426950236,7.999279858013684,261.798828125,85.35499572753906,1.7200395172717524
1300.pgm,512x512,63826,5.1814,True,inf,0.001030275502912876,0.0018810737566401093,7.999287535280062,258.056640625,83.16535949707031,1.6260528564453127
1301.pgm,512x512,4450,4.3519,True,inf,0.0031794562677992296,0.0017904476254667042,7.999323363927787,246.08203125,93.07365417480469,2.053240607766544
1302.pgm,512x512,27231,5.5109,True,inf,0.0030686081399434466,0.0012961413432858943,7.999257989196492,269.5,83.58383178710938,0.9441450530407476
1303.pgm,512x512,40664,3.3719,True,inf,-0.0012899601816866524,0.00025957483338743577,7.999295387754007,255.923828125,90.97518920898438,7.105231191597733
1304.pgm,512x512,80942,6.1147,True,inf,0.0011551602255043532,0.0015961838806191006,7.999159340430869,306.064453125,75.91285705566406,0.7715935800589767
1305.pgm,512x512,27164,3.8508,True,inf,0.00340554248097801,0.001274766433707057,7.9992885571150705,258.654296875,92.02651977539062,3.7670524447571996
1306.pgm,512x512,51310,4.2783,True,inf,-0.0002262290352666331,0.001227358049548354,7.999283596833054,260.994140625,87.7197265625,3.403254490272672
1307.pgm,512x512,12291,3.4928,True,inf,0.0008138254344583709,0.00042247648902341543,7.999264020953348,268.4140625,94.66171264648438,3.989236869064032
1308.pgm,512x512,27369,5.5415,True,inf,0.002586338701920152,0.002417503289742851,7.999243438068397,274.9375,83.69255065917969,0.9417470296223958
1309.pgm,512x512,12575,3.7474,True,inf,0.003683140382280067,-9.434903409974237e-05,7.999135319788746,314.173828125,94.59228515625,3.9914060106464464
131.pgm,512x512,34213,5.5792,True,inf,0.0015909470362448703,0.001142889369485002,7.999183313107685,296.517578125,82.60231018066406,0.9199269612630209
1310.pgm,512x512,61735,5.1456,True,inf,0.004294692108383706,0.0002791510622698519,7.999336950340627,241.587890625,83.544921875,1.6418950697954964
1311.pgm,512x512,10416,5.329,True,inf,-3.7682392774560546e-05,0.0009812206605036664,7.999387863556425,222.341796875,86.04316711425781,0.9957421994676777
1312.pgm,512x512,16281,4.5186,True,inf,0.002278425396522506,-0.0014514581678059105,7.999264313194881,266.75,91.01066589355469,1.964841356464461
1313.pgm,512x512,22559,5.4686,True,inf,0.0009055500622849314,0.00012256491650990852,7.9992319950371575,278.873046875,84.21974182128906,0.9561665852864584
1314.pgm,512x512,61430,5.8981,True,inf,0.003049145880064014,0.00019407622152566844,7.999209411389224,287.423828125,78.71437072753906,0.8334993848613664
1315.pgm,512x512,6969,3.3972,True,inf,-0.002382436268545278,0.0011392081944574858,7.9992407063068764,276.630859375,95.61424255371094,4.070687387503829
1316.pgm,512x512,29956,4.7149,True,inf,0.0010946986777001565,0.0024981778269838073,7.99923801389353,276.642578125,88.74893188476562,1.8709594128178617
1317.pgm,512x512,44900,4.2172,True,inf,-0.0006623350814243927,0.0005547529214151657,7.999241892388641,275.904296875,88.79241943359375,3.50102892108992
1318.pgm,512x512,22877,3.8583,True,inf,0.0032086371905241636,-0.0001229768789355691,7.999244415159229,274.587890625,92.76809692382812,3.835892022824755
1319.pgm,512x512,41338,3.3594,True,inf,0.0008208081344138638,0.0011069880572598591,7.999396181823013,219.595703125,90.72494506835938,7.076030058019302
132.pgm,512x512,14686,4.5663,True,inf,3.6837754375735984e-05,0.001489127505961052,7.999360064799601,232.96484375,91.34788513183594,1.9774941837086397
1320.pgm,512x512,37352,4.8669,True,inf,0.0015223706795073964,0.0004780068787402869,7.999361965260203,231.833984375,87.50228881835938,1.8120724547143074
1321.pgm,512x512,51824,5.0164,True,inf,0.0031422411050739014,0.0013419269046425046,7.999294262868567,257.2421875,85.06393432617188,1.7101407518573835
1322.pgm,512x512,57184,5.8419,True,inf,0.0036350231252129865,0.0005730896309914054,7.999232239837568,278.97265625,79.31671142578125,0.8478561102175245
1323.pgm,512x512,23306,3.157,True,inf,0.002772177846086226,0.002774452064096209,7.999205296125329,288.75390625,94.11163330078125,7.65736598594516
1324.pgm,512x512,1148,2.6072,True,inf,-0.00019742726239533709,0.0022058413846642545,7.99931051571134,250.658203125,98.22883605957031,8.332175460516238
1325.pgm,512x512,60478,5.8967,True,inf,0.003035326446413901,-0.0019534343881756496,7.999329672246911,243.109375,78.92875671386719,0.8377464144837622
1326.pgm,512x512,21328,4.5418,True,inf,0.0009094688238961787,0.0024440380392984364,7.999368219056629,229.7734375,90.17257690429688,1.9311628154679839
1327.pgm,512x512,48872,5.0168,True,inf,0.0040230793490343385,0.0002189301850910301,7.999384805131738,223.919921875,85.67581176757812,1.7320131788066788
1328.pgm,512x512,22747,3.7203,True,inf,0.0016783883062792167,-0.0006170238223550694,7.999280724986733,261.5625,92.79251098632812,3.827266319125306
1329.pgm,512x512,25100,3.9144,True,inf,0.0037601752962819804,0.0011983302575882307,7.999296938433984,255.2890625,92.36106872558594,3.7988954431870408
133.pgm,512x512,233,4.2172,True,inf,0.0006103785256042803,-0.0007103048376055119,7.999354427444451,234.318359375,93.66874694824219,2.074107749789369
1330.pgm,512x512,64812,5.9442,True,inf,0.00037594793078500583,-0.001457781012643804,7.999212476186258,286.302734375,78.23028564453125,0.8236275467218137
1331.pgm,512x512,21799,4.6158,True,inf,0.0015775980285214696,0.0014450631206091797,7.999394202650057,220.259765625,90.06195068359375,1.9294035668466607
1332.pgm,512x512,12805,5.3553,True,inf,0.0003788918745372563,-0.0002860949125133797,7.999342916999555,238.3828125,85.70327758789062,0.9888936959060969
1333.pgm,512x512,2931,4.3535,True,inf,0.0034886202779857733,0.0011675238538103156,7.999383390238098,224.2109375,93.23806762695312,2.0660684622970282
1334.pgm,512x512,13700,5.3753,True,inf,0.0030921480923484443,0.0007034311460756715,7.999318565072454,247.375,85.56365966796875,0.9852450501685049
1335.pgm,512x512,52937,6.6033,True,inf,0.00046613685254586244,0.0005400717605656984,7.999382705554472,223.7265625,69.95849609375,0.4309500899969363
1336.pgm,512x512,15305,3.6509,True,inf,-0.00028838015554063205,-0.0014797032555880533,7.999218007630136,283.767578125,94.14901733398438,3.94562515557981
1337.pgm,512x512,27799,5.5714,True,inf,0.0018997408441998023,0.0021353102768494193,7.999277530640121,261.87109375,83.4747314453125,0.9403363396139706
1338.pgm,512x512,29054,3.9171,True,inf,0.0008563660528488903,-0.0013757015235537414,7.999296702711833,255.931640625,91.75376892089844,3.7364959716796875
1339.pgm,512x512,16815,4.5904,True,inf,0.0016731757804189123,-0.00023743766868451036,7.999392332289826,220.298828125,90.91873168945312,1.967121199065564
134.pgm,512x512,61963,5.1369,True,inf,-0.000204202719500849,0.0014644270835203746,7.999249163851062,273.5,83.453369140625,1.6377078785615808
1340.pgm,512x512,34003,5.599,True,inf,0.0010040003368509914,-0.0003401626516197532,7.999338488630249,239.931640625,82.66754150390625,0.9214124492570466
1341.pgm,512x512,34955,4.7324,True,inf,0.0013414968183028616,0.0010634822969413432,7.999257781114632,269.806640625,87.95166015625,1.8367587818818933
1342.pgm,512x512,4606,4.4017,True,inf,0.0027063908176747733,-0.0015083818722943939,7.999351574628681,235.978515625,92.92755126953125,2.0496413286994484
1343.pgm,512x512,59208,5.8768,True,inf,0.000885643782225434,0.0018430238244251805,7.999375700599938,226.865234375,78.87229919433594,0.839703129787071
1344.pgm,512x512,47322,4.963,True,inf,0.004177089956311541,0.0017109014634260388,7.999370366970837,229.072265625,85.88981628417969,1.7434512867647058
1345.pgm,512x512,30905,5.5652,True,inf,0.0008573833977759966,0.000949648889770415,7.999279433591692,261.5,82.99674987792969,0.9292512781479779
1346.pgm,512x512,36870,3.9734,True,inf,0.005853470831522264,0.002987190068018712,7.999284895042688,260.001953125,90.28282165527344,3.6203197404450065
1347.pgm,512x512,31327,4.7164,True,inf,0.00149397420313931,0.00044914892619300273,7.9993733363618205,228.16015625,88.49563598632812,1.8553056903913911
1348.pgm,512x512,30951,6.4288,True,inf,0.002271876781815487,0.0009022727590268766,7.9993606239006745,232.208984375,72.04437255859375,0.4558907303155637
1349.pgm,512x512,61022,5.893,True,inf,0.004124089739659866,0.0011844080876819657,7.999243363675306,274.755859375,78.887939453125,0.8391107297411151
135.pgm,512x512,33732,4.7319,True,inf,0.0021453139686583764,0.00015982049542899644,7.999314774983676,249.21484375,88.09814453125,1.8383205638212317
1350.pgm,512x512,26056,5.5063,True,inf,-0.0003387075317202704,6.473525492155931e-05,7.999303169531836,253.265625,83.80928039550781,0.9481512331495098
1351.pgm,512x512,33532,3.8765,True,inf,0.0010516622372566799,-0.0012737567027731132,7.999236974394491,277.013671875,90.89927673339844,3.671143475700827
1352.pgm,512x512,16212,5.3953,True,inf,0.0018172706322881647,-0.00010137036776409465,7.999286597661844,259.119140625,85.20965576171875,0.9782634061925551
1353.pgm,512x512,14749,4.4599,True,inf,0.002999584482220328,-0.00037885754243840937,7.999228505144998,280.3203125,91.229248046875,1.9743586521522674
1354.pgm,512x512,30873,4.7332,True,inf,0.00212432930623308,-0.000775579337087717,7.999429259774516,207.19921875,88.62991333007812,1.8574194814644607
1355.pgm,512x512,26790,4.6378,True,inf,0.001622428783521612,1.6172207469613242e-06,7.999297909300154,255.849609375,89.27230834960938,1.8892714556525736
1356.pgm,512x512,14410,5.3857,True,inf,0.002417356989341325,0.0010973240557116079,7.999294686772016,255.83203125,85.357666015625,0.9823503681257659
1357.pgm,512x512,37993,4.0801,True,inf,0.0019064604842692803,0.0020039588892355937,7.99928274646496,261.287109375,90.03944396972656,3.604511934168199
1358.pgm,512x512,43802,4.9967,True,inf,0.0010045570417582994,0.0027277182428231067,7.9993679345745266,229.404296875,86.39183044433594,1.7697053797104778
1359.pgm,512x512,38339,4.8217,True,inf,0.001374956792946993,0.0003811815827465623,7.9993214942344615,246.423828125,87.26158142089844,1.8088127585018383
136.pgm,512x512,20153,2.9469,True,inf,-0.0005682828716763072,-4.578744076365202e-05,7.999326095128604,244.6640625,94.64836120605469,7.725141936657476
1360.pgm,512x512,19979,2.1218,True,inf,0.0017711888683705577,0.003872329653160422,7.99930232451603,253.86328125,95.50247192382812,15.466230803844974
1361.pgm,512x512,60420,5.1174,True,inf,0.002194309247046321,0.0026937669527551298,7.999326165034006,244.60546875,83.67576599121094,1.651747460458793
1362.pgm,512x512,64371,5.1935,True,inf,0.002392299074313324,-0.0002934692013114042,7.999224462581165,281.869140625,82.90901184082031,1.6207152721928617
1363.pgm,512x512,24000,3.0429,True,inf,-0.0002245866770190768,0.0014585057914826979,7.999312712453959,249.982421875,93.93424987792969,7.618143418255974
1364.pgm,512x512,57373,5.8793,True,inf,0.0006311104734287353,0.00021385516660370394,7.999325961646095,244.927734375,79.1351318359375,0.8462225222120099
1365.pgm,512x512,261,5.2126,True,inf,0.0008787318300943184,0.0024010800609231622,7.999296945601682,255.2109375,87.41874694824219,1.0273787554572609
1366.pgm,512x512,26968,4.6489,True,inf,0.0011502554900201592,0.0012875106198531687,7.99926529892424,266.71484375,89.28184509277344,1.8941348206763173
1367.pgm,512x512,35920,3.2706,True,inf,0.0010495283703714216,0.0008200574441179829,7.999355410861327,234.052734375,91.71066284179688,7.239834654564952
1368.pgm,512x512,27859,3.1481,True,inf,0.0004250457845697662,-0.0007842496237139272,7.999243002679099,274.33984375,93.27278137207031,7.479093963024663
1369.pgm,512x512,13711,5.3972,True,inf,0.0032325565396328485,0.0010706752693652388,7.99929200584944,257.5390625,85.51597595214844,0.9841380399816178
137.pgm,512x512,34120,3.9786,True,inf,0.0011490429395268746,0.0015407066664116045,7.9993742858581065,227.287109375,90.82489013671875,3.666407267252604
1370.pgm,512x512,37160,4.8069,True,inf,0.0021026739369465535,0.0009641519506370836,7.999260182481167,269.02734375,87.57781982421875,1.820201499789369
1371.pgm,512x512,30264,3.9733,True,inf,0.0012301746482152652,0.001209930431871492,7.999299047429261,254.453125,91.44477844238281,3.7165129418466605
1372.pgm,512x512,42580,4.1577,True,inf,-0.0004155921683905245,0.0006741207941756369,7.999260829951801,268.40625,89.32456970214844,3.5329646690219056
1373.pgm,512x512,22253,2.999,True,inf,0.0019433700805418226,0.0010144100636737504,7.9992826431095505,260.40625,94.36759948730469,7.66937255859375
1374.pgm,512x512,16933,2.9011,True,inf,0.003310857063032504,-0.0011518301237360392,7.999285058652351,259.96484375,95.35636901855469,7.835799572514553
1375.pgm,512x512,42383,4.9518,True,inf,0.0019826834872118944,0.0029602241479341866,7.999350761712457,236.07421875,86.69281005859375,1.7781605440027572
1376.pgm,512x512,73118,6.0504,True,inf,5.659160817930915e-05,0.0006730413885859837,7.999349317205592,236.890625,76.995849609375,0.7974108527688419
1377.pgm,512x512,14220,0.5118,True,inf,-0.0012273660698519065,-0.0031300925526527366,7.999344429632017,238.267578125,96.90093994140625,31.580912272135414
1378.pgm,512x512,39123,4.8626,True,inf,0.001680557572097021,-0.0017206785759000661,7.9992252821923175,281.2578125,87.21771240234375,1.798994774911918
1379.pgm,512x512,2307,4.3253,True,inf,0.0043090696805922635,0.00035074450189927914,7.999307379704986,252.068359375,93.328857421875,2.0644124348958335
138.pgm,512x512,981,5.2313,True,inf,0.003636930979912578,0.002725261039745923,7.999287035211841,259.349609375,87.44888305664062,1.027072083716299
1380.pgm,512x512,63501,5.2218,True,inf,0.0020100705777650204,0.0011537400811016203,7.999325428360052,244.869140625,83.21571350097656,1.6267260383157167
1381.pgm,512x512,49855,4.2996,True,inf,0.0011625729899115427,0.0014181333007231619,7.9992504667875375,272.05078125,87.99018859863281,3.414400886086857
1382.pgm,512x512,2239,4.3051,True,inf,0.001721172878213851,0.00349678839017908,7.9993192828259065,247.484375,93.37730407714844,2.067377427045037
1383.pgm,512x512,22978,3.8225,True,inf,0.0006182638997447884,-0.0005520824840501282,7.999372195120388,228.044921875,92.78907775878906,3.833217246859681
1384.pgm,512x512,42535,4.8768,True,inf,0.0005944611511703082,0.0002870476559127007,7.999375761955877,226.763671875,86.61727905273438,1.7785016228170956
1385.pgm,512x512,31154,3.8975,True,inf,0.0026864347006816526,-0.00023279710739987212,7.999334401016739,241.89453125,91.30592346191406,3.7052483652152266
1386.pgm,512x512,33939,4.8348,True,inf,0.0010277938206969908,0.0021965146647753412,7.999263265609068,267.986328125,88.00544738769531,1.8386107800053615
1387.pgm,512x512,27220,4.7024,True,inf,0.0014472044952655166,-0.0011813462337479257,7.999276222867237,262.83203125,89.17961120605469,1.8877440807866117
1388.pgm,512x512,40094,4.861,True,inf,0.0028870041049104153,-0.0003107309262773833,7.999240696521289,276.009765625,87.10479736328125,1.7935464896407782
1389.pgm,512x512,30422,3.8901,True,inf,0.0024392894916645314,0.0012564797846809203,7.99931480411065,249.341796875,91.37687683105469,3.707369636086857
139.pgm,512x512,6529,4.3838,True,inf,-0.0006680484046814115,-0.00020562187662602008,7.999271428916608,264.625,92.76351928710938,2.0358829872280944
1390.pgm,512x512,5930,5.2731,True,inf,0.0016672821718713125,0.0013422789986241065,7.999322654229866,246.033203125,86.68289184570312,1.0095753389246322
1391.pgm,512x512,65167,5.9693,True,inf,0.0026543053487126087,0.001752190129124238,7.999254382429909,270.923828125,78.22265625,0.8226835961435355
1392.pgm,512x512,6162,3.5197,True,inf,0.004951364528906586,0.0012213820283547801,7.999303991264159,252.9296875,95.72067260742188,4.083361158183977
1393.pgm,512x512,50289,4.3113,True,inf,0.0021489791524328815,0.00010636708744944334,7.999213405327259,286.708984375,87.81700134277344,3.416172102385876
1394.pgm,512x512,36510,4.8458,True,inf,-0.0005821126622932939,-0.0016668156741394197,7.999205117451531,288.4765625,87.73002624511719,1.8207550048828125
1395.pgm,512x512,28539,3.8947,True,inf,0.0024963966009443708,0.0009006877549919382,7.9993205162098135,247.017578125,91.79496765136719,3.760682648303462
1396.pgm,512x512,13250,3.6606,True,inf,-1.0360968169791263e-05,0.0010125268335629553,7.999397995491181,219.431640625,94.50492858886719,3.9748277851179536
1397.pgm,512x512,5650,3.5702,True,inf,0.0009545011758545664,0.0012266877681393834,7.999244651327599,274.513671875,95.94802856445312,4.096199484432445
1398.pgm,512x512,48962,4.212,True,inf,0.0006205617256076689,4.815411674620025e-05,7.999227829153716,280.4140625,88.15727233886719,3.426236919328278
1399.pgm,512x512,41950,3.4131,True,inf,0.0009920707211972797,0.0013199293318992516,7.999320181333405,246.662109375,90.74668884277344,7.071398566750919
14.pgm,512x512,63683,5.1823,True,inf,-0.0009091852660117095,0.00047208623872840193,7.9994265809442,208.388671875,83.06617736816406,1.626735014073989
140.pgm,512x512,24766,5.4883,True,inf,-0.001109115097176035,-0.00016706982566472978,7.999225965228274,280.791015625,84.051513671875,0.9525673062193627
1400.pgm,512x512,16226,1.3339,True,inf,0.002969708802226573,-0.0005119418521990823,7.999288499813902,258.091796875,96.51908874511719,31.339002123066024
1401.pgm,512x512,11137,4.4609,True,inf,0.002094413532989356,-0.000471016355854706,7.999278965398664,262.375,91.9281005859375,2.0039397594975488
1402.pgm,512x512,13775,3.5939,True,inf,0.0019807173369229976,0.0032942810656904947,7.9994097217693,214.35546875,94.41680908203125,3.9741770426432295
1403.pgm,512x512,33656,4.7959,True,inf,0.0028763122902260535,0.0013226324353221553,7.999332040204401,242.603515625,88.19046020507812,1.839141845703125
1404.pgm,512x512,54363,5.0794,True,inf,0.003135471184387313,0.0027056673480101226,7.999347564838963,237.048828125,84.74540710449219,1.6911031685623468
1405.pgm,512x512,9340,3.6321,True,inf,0.003384833821010055,0.002829963308628037,7.999276731599675,263.01953125,95.15609741210938,4.031524658203125
1406.pgm,512x512,17570,3.7728,True,inf,0.0008025327220116705,0.0005347506649961553,7.999316006104783,248.548828125,93.743896484375,3.912028892367494
1407.pgm,512x512,29158,4.6747,True,inf,0.0007953337999153619,-7.784064998997658e-06,7.999268871641423,265.853515625,88.77296447753906,1.8707006117876839
1408.pgm,512x512,44471,4.9335,True,inf,0.0007819271317694084,0.0020021073592654446,7.999204245248414,288.736328125,86.35978698730469,1.7650110581341911
1409.pgm,512x512,29839,4.7426,True,inf,0.002861921422096776,9.089421163562276e-06,7.999327510900361,244.345703125,88.90266418457031,1.8766784667968752
141.pgm,512x512,64959,5.9411,True,inf,0.0004878829856811291,-0.0009260264260308523,7.999279710602787,262.095703125,78.20930480957031,0.8228616153492647
1410.pgm,512x512,37138,4.0411,True,inf,0.001632930624079741,-0.001196370080325421,7.999191539004485,292.935546875,90.26412963867188,3.6163584391276045
1411.pgm,512x512,51422,5.0637,True,inf,0.0019270171885744443,-0.0009275214417830141,7.999293728544539,256.212890625,85.17189025878906,1.7139778885186887
1412.pgm,512x512,44733,4.1906,True,inf,0.0017967286971309342,0.0021892816249139252,7.999511953048542,177.162109375,88.88435363769531,3.50247252221201
1413.pgm,512x512,54585,5.8354,True,inf,0.002940434567499113,0.0015347660333288303,7.999273415481019,264.119140625,79.67987060546875,0.8567256553500306
1414.pgm,512x512,51510,4.2481,True,inf,-0.0004465827657576037,-0.00027346905824051113,7.999327109536098,244.390625,87.6617431640625,3.406551585477941
1415.pgm,512x512,21300,5.466,True,inf,0.00027919448670265195,8.997056766177976e-05,7.999252616040335,271.701171875,84.44709777832031,0.9615460564108456
1416.pgm,512x512,29648,3.8447,True,inf,-0.0002237437944398657,0.001945475621966088,7.999233973431626,278.107421875,91.42417907714844,3.7208901199640017
1417.pgm,512x512,35176,4.7314,True,inf,0.0017665747469475799,0.0003833619991730567,7.999249425905486,272.455078125,87.92953491210938,1.8311863319546569
1418.pgm,512x512,44880,4.8878,True,inf,0.001521251875453167,0.0005901374471070577,7.999275783332129,262.91796875,86.32087707519531,1.7612980861289829
1419.pgm,512x512,41896,4.1063,True,inf,0.000750322290230968,0.0006426853812714242,7.999454070846371,198.091796875,89.31503295898438,3.5354359944661455
142.pgm,512x512,43975,4.1736,True,inf,-0.0003479043116942541,0.001519099460437647,7.999074595243921,336.310546875,88.91716003417969,3.5024605545343137
1420.pgm,512x512,10071,4.4082,True,inf,-0.00036466592926093867,0.0005932229380680822,7.999264127297142,267.896484375,92.07916259765625,2.014009064319087
1421.pgm,512x512,53048,5.013,True,inf,0.002421749246032324,0.003246732868315568,7.999142907445227,311.17578125,84.82017517089844,1.6978619145412073
1422.pgm,512x512,32960,4.7021,True,inf,0.0014437715751530963,1.6109356409080708e-06,7.9993121264616445,250.197265625,88.25263977050781,1.84507781384038
1423.pgm,512x512,57733,5.069,True,inf,0.0018430596243221612,0.002111841952844794,7.999270905185733,263.736328125,84.10835266113281,1.6712861902573528
1424.pgm,512x512,34967,3.9421,True,inf,0.00022454251840142866,0.0008015989533310677,7.999303460255992,251.310546875,90.66047668457031,3.6488237567976407
1425.pgm,512x512,23760,4.5795,True,inf,0.0013871082019945929,-0.0006339270166167305,7.999211551500579,286.025390625,89.80751037597656,1.9163662779564952
1426.pgm,512x512,41510,4.8255,True,inf,0.001050791479133794,0.0011889201637665496,7.9992960798062995,256.29296875,86.859130859375,1.7853561102175244
1427.pgm,512x512,24288,2.9114,True,inf,0.0014313435949819178,-0.00067076138131014,7.999332579109284,242.48046875,93.90449523925781,7.608935786228555
1428.pgm,512x512,50284,4.9562,True,inf,-0.00015530369401984417,0.00033900463599341685,7.99924125125396,276.1171875,85.4278564453125,1.7195757697610294
1429.pgm,512x512,18346,5.3999,True,inf,0.000888678932155812,0.0006442707392015042,7.9992608903308415,268.66796875,84.89189147949219,0.9740223604090074
143.pgm,512x512,16342,3.5849,True,inf,0.0015852033368270043,-0.00027185905854595416,7.999249070720273,272.779296875,93.97659301757812,3.9344712799670645
1430.pgm,512x512,23389,4.5766,True,inf,0.0008412033822596545,0.0011828413766719868,7.999228469658162,280.26953125,89.93873596191406,1.9195092893114278
1431.pgm,512x512,56015,5.0461,True,inf,0.002435790873626393,3.049640619459439e-05,7.999305138192002,252.697265625,84.47456359863281,1.6806658576516544
1432.pgm,512x512,19899,5.4192,True,inf,0.0016895167259215322,0.00048774183238803575,7.999345077608001,237.1796875,84.70306396484375,0.9649478687959558
1433.pgm,512x512,55448,5.0405,True,inf,0.00034699013110093895,0.0006666033396628511,7.9992911970211455,257.443359375,84.47341918945312,1.6804878384459252
1434.pgm,512x512,8260,5.3102,True,inf,0.0014781506211770253,0.00023154736058853215,7.999158243911415,307.306640625,86.35826110839844,1.003145704082414
1435.pgm,512x512,47688,4.9289,True,inf,0.0024857027406518903,-2.49412104201349e-05,7.999182037443262,297.40625,85.78605651855469,1.742822983685662
1436.pgm,512x512,52245,5.7854,True,inf,0.00048062146093232706,0.0005439562654427047,7.9992221317150545,283.375,80.10749816894531,0.8652556176279105
1437.pgm,512x512,44515,4.8792,True,inf,0.000328009680288305,-0.0004035820993334655,7.999420616924594,210.90625,86.44599914550781,1.7658353319355085
1438.pgm,512x512,23763,4.5842,True,inf,0.0013710605367047018,-0.0005077223552808048,7.999281768855395,260.6484375,89.78614807128906,1.9128717160692401
1439.pgm,512x512,54564,5.0442,True,inf,0.0034795078857078813,-0.0011729418274261086,7.999343506107591,238.59765625,84.64584350585938,1.68885773303462
144.pgm,512x512,11987,4.5146,True,inf,0.00307539153878438,0.002469668349767346,7.999256233390483,270.46484375,91.75224304199219,2.0015581916360294
1440.pgm,512x512,10883,5.3149,True,inf,-0.0005552524004134059,0.0031460402030198736,7.99924490855501,274.5546875,85.92109680175781,0.9931736366421569
1441.pgm,512x512,42297,4.8519,True,inf,0.0003095089825356118,0.00035226854466874596,7.999255127826133,271.185546875,86.60545349121094,1.7774050843481923
1442.pgm,512x512,29256,4.7145,True,inf,0.00012235417422424872,0.0008349764070559633,7.999232070219286,278.822265625,88.86909484863281,1.8734591614966298
1443.pgm,512x512,53490,5.02,True,inf,0.0006048733568181532,0.000126945262791864,7.999320484580883,246.8046875,84.77706909179688,1.7022450764973958
1444.pgm,512x512,25032,4.6248,True,inf,0.0010377123764053959,-0.0010218198812360026,7.9993374688940095,240.283203125,89.55917358398438,1.9008053050321692
1445.pgm,512x512,30819,3.9391,True,inf,0.0018552957002477498,0.0005149938768122175,7.9992465752733555,274.232421875,91.42074584960938,3.71123519598269
1446.pgm,512x512,64756,5.1828,True,inf,0.00033686999696066935,0.00013950553948939568,7.999315337477487,249.232421875,82.91664123535156,1.6184174780752145
1447.pgm,512x512,48162,4.9258,True,inf,0.0016180131312640213,3.19493482052472e-05,7.999310720654677,250.15234375,85.7818603515625,1.735838347790288
1448.pgm,512x512,3709,5.2341,True,inf,0.0029485533971370602,0.0016239376128792248,7.999345094104016,237.935546875,86.89842224121094,1.017005770814185
1449.pgm,512x512,41760,5.7106,True,inf,0.0018396658051464737,0.0006329162301502522,7.999368090565883,229.654296875,81.54525756835938,0.8966348685470282
145.pgm,512x512,22738,2.9295,True,inf,0.002009608318733756,0.0018220457886772225,7.999163667736075,303.69921875,94.22569274902344,7.656254487879136
1450.pgm,512x512,50354,4.9609,True,inf,0.002503863464061302,0.00046743909860304424,7.999275558057956,263.466796875,85.34431457519531,1.7220470952052696
1451.pgm,512x512,31486,4.671,True,inf,0.0024641248465820547,0.0018422938136811986,7.999327897195455,243.904296875,88.50364685058594,1.8543422923368567
1452.pgm,512x512,31639,3.1721,True,inf,0.000530585688108648,0.0014821234023292722,7.999325203692013,245.15234375,92.62123107910156,7.387829948874081
1453.pgm,512x512,37437,4.0573,True,inf,0.001120412171980645,-0.0008331166452944088,7.9992881094416,258.240234375,90.22369384765625,3.6138916015625
1454.pgm,512x512,43928,4.9276,True,inf,-8.622465241572953e-05,0.000647141258225751,7.999263853026754,266.482421875,86.37504577636719,1.768023920994179
1455.pgm,512x512,17451,3.7537,True,inf,0.0003679730143462842,0.0002755369010946454,7.999165249443861,303.375,93.77555847167969,3.9075978597005205
1456.pgm,512x512,28800,4.6569,True,inf,0.0027748151448043082,0.0010134917069333205,7.999277646019577,262.560546875,89.0045166015625,1.8764076980890012
1457.pgm,512x512,46012,4.9,True,inf,0.0006945051636354677,-0.0013671623115641646,7.999205773050513,288.916015625,86.00616455078125,1.7554069967830883
1458.pgm,512x512,58566,5.0954,True,inf,0.0005900531610390246,-0.0022104400809053754,7.999180689218831,297.646484375,83.93898010253906,1.6565749224494486
1459.pgm,512x512,55605,5.0399,True,inf,0.0029054155088460917,0.0009030353041125953,7.999254719224421,271.103515625,84.41505432128906,1.6818895526960784
146.pgm,512x512,62868,5.1955,True,inf,0.0019353624433451466,0.0015176961098452813,7.999256241575719,270.423828125,83.27407836914062,1.6307411941827512
1460.pgm,512x512,17928,4.4785,True,inf,0.001267380313884748,0.0005829305839771105,7.999474192479106,190.62890625,90.70472717285156,1.9486176733877143
1461.pgm,512x512,37682,4.7719,True,inf,0.0005658051465702719,-0.0002758220241378608,7.999276017219789,263.58203125,87.57705688476562,1.8153845095166974
1462.pgm,512x512,12943,3.6171,True,inf,-0.00019743319449295576,-0.00043907588728125805,7.999276656481014,263.404296875,94.61631774902344,3.9888823266122855
1463.pgm,512x512,48521,4.9484,True,inf,0.0011552196713188133,-0.0009740415984007795,7.999282717389882,260.818359375,85.63880920410156,1.733111213235294
1464.pgm,512x512,60148,5.1107,True,inf,0.002055854050015132,0.00035396870848394466,7.999294584513605,255.66015625,83.66546630859375,1.6501348158892464
1465.pgm,512x512,67277,6.0473,True,inf,0.0020428982606594016,-0.00023382358255462504,7.999134305781185,314.8359375,78.02391052246094,0.8163108077703738
1466.pgm,512x512,29824,4.6539,True,inf,0.0011783551502591578,-0.001324850559874802,7.99930133290025,253.830078125,88.79776000976562,1.8691657571231617
1467.pgm,512x512,35220,4.7426,True,inf,0.002054536033337113,-0.000311590004811859,7.99944945481829,199.90625,87.811279296875,1.832887238147212
1468.pgm,512x512,43969,4.8712,True,inf,0.0004520007321366173,-0.0014999757597529246,7.999319382145229,246.572265625,86.5692138671875,1.7662691602519913
1469.pgm,512x512,39746,3.4315,True,inf,0.0017842570496430085,0.0019767798847063877,7.999316201058193,248.189453125,91.0919189453125,7.123577641505821
147.pgm,512x512,49868,5.0007,True,inf,0.0009080334733252027,0.0006522023725184839,7.999391243434518,221.48828125,85.43624877929688,1.7218675800398284
1470.pgm,512x512,27099,4.6323,True,inf,0.002374990671429814,-0.0009846600317079232,7.999267500482101,265.724609375,89.14260864257812,1.8867343079810048
1471.pgm,512x512,49866,4.9595,True,inf,-0.0008629388082134865,0.0022123473995489867,7.9994377572321795,204.150390625,85.40687561035156,1.725594015682445
1472.pgm,512x512,50772,5.8257,True,inf,-0.0005241323260921394,0.0010409807085561,7.999253009665437,270.765625,80.20401000976562,0.8672063490923714
1473.pgm,512x512,10823,5.3712,True,inf,0.0022374875853013775,2.0950109275089768e-05,7.999359399377442,233.169921875,85.83869934082031,0.9921399284811582
1474.pgm,512x512,56053,5.051,True,inf,0.0009394679844439466,0.0013626673130448744,7.999346074921949,237.0,84.47227478027344,1.6789784150965072
1475.pgm,512x512,52402,4.2676,True,inf,-0.0011759333424612535,-0.0019451440054844389,7.999205215757642,288.55859375,87.43667602539062,3.387780283011642
1476.pgm,512x512,39225,4.8149,True,inf,0.00020109685123819327,0.001241731423355198,7.999326034951686,244.642578125,87.1795654296875,1.8066660563151042
1477.pgm,512x512,31010,4.6756,True,inf,0.0007423256330595683,0.0001581512121911699,7.999317539084096,248.267578125,88.64212036132812,1.8644908830231313
1478.pgm,512x512,6734,5.2704,True,inf,0.0008439067843173941,0.0001205795975813148,7.9993172334144,247.623046875,86.54937744140625,1.0103786692899817
1479.pgm,512x512,59033,5.0928,True,inf,0.0005293190422498616,-0.0005733639626382286,7.999436519351118,204.73828125,83.81118774414062,1.6548500809015012
148.pgm,512x512,62259,5.1508,True,inf,0.0013083286795511095,0.0019758500064764005,7.9992351808366715,277.736328125,83.34236145019531,1.6367833754595589
1480.pgm,512x512,14288,4.524,True,inf,0.003785231765421915,0.0007886831074568152,7.99935459292147,234.517578125,91.33567810058594,1.9772174311619177
1481.pgm,512x512,57070,5.0596,True,inf,0.0022999780514205473,0.0003792076572007942,7.999223752777154,282.650390625,84.24797058105469,1.6737320843864891
1482.pgm,512x512,15007,3.671,True,inf,0.0007699455754506313,-0.0007398546676987682,7.9992582777564545,269.9140625,94.16351318359375,3.9441142362706803
1483.pgm,512x512,37032,4.7604,True,inf,0.0032015304805048644,0.0002954606641784285,7.999325102168627,246.421875,87.725830078125,1.8220953847847734
1484.pgm,512x512,55324,5.0344,True,inf,0.002506647772354232,-0.0003481570122414656,7.999310629093192,250.13671875,84.59434509277344,1.6878973268995099
1485.pgm,512x512,57036,5.0838,True,inf,0.00038770987758930496,0.0006864648435677224,7.999364589463536,230.87890625,84.23500061035156,1.6762138815487133
1486.pgm,512x512,56414,5.0598,True,inf,-0.0001092350962624316,-0.0001563695267257054,7.999269439751714,265.396484375,84.32464599609375,1.6737066530713849
1487.pgm,512x512,29712,3.8877,True,inf,0.004080685554011122,0.0015218193281748096,7.999292730126398,257.353515625,91.50276184082031,3.7198489320044423
1488.pgm,512x512,4083,5.2792,True,inf,-5.3230748299553476e-05,0.0008838014198288158,7.9992329719986355,279.232421875,86.71722412109375,1.0145135019339768
1489.pgm,512x512,35694,3.9586,True,inf,0.0022050655804140193,0.0020965220189251097,7.999248908577374,272.705078125,90.57350158691406,3.6377880620021443
149.pgm,512x512,24441,2.2794,True,inf,2.0176683518588464e-05,0.0020446062610740053,7.999365070725623,230.720703125,94.58427429199219,15.162016924689798
1490.pgm,512x512,47232,4.9144,True,inf,0.00018784603902446845,0.0024954154239285385,7.999352699829702,235.345703125,85.84709167480469,1.745750576842065
1491.pgm,512x512,55735,5.064,True,inf,0.0013229394678951306,-0.001412251695757268,7.999410906024321,213.87890625,84.54132080078125,1.6834558225145526
1492.pgm,512x512,21251,4.5386,True,inf,0.00131519906738591,-0.00018260544153201797,7.999321291518047,246.779296875,90.1989,1.9333
1493.pgm,512x512,63657,5.2669,True,inf,9.740340464664611e-05,0.00011898521969334416,7.999290288119914,258.314453125,83.1497,1.6216
1494.pgm,512x512,7992,4.4531,True,inf,-0.00027148775782939884,-0.0002814732893950301,7.999278165243873,261.271484375,92.5552,2.0223
1495.pgm,512x512,14156,3.6283,True,inf,0.0009307954910848122,0.0014067430618359565,7.999241588963896,276.017578125,94.3165,3.9691
